{
  "game": "minecraft",
  "formatVersion": 1,
  "versionId": "1.1-1.18.1",
  "name": "LightBoost",
  "summary": null,
  "files": [
    {
      "path": "mods\\modelfix-1.8-fabric (1).jar",
      "hashes": {
        "sha1": "2702ce386bb0e84ea7bc5cac86c314e38389fc89",
        "sha512": "c4971e896def3c5ba5ff9ef9915ee6df22c705e20008c6c2b6f3325f373bf651852169545997340130ba67e9770cdd1234890cc2e482aa8305514cc515617d81"
      },
      "env": {
        "server": "optional",
        "client": "required"
      },
      "downloads": [
        "https://cdn.modrinth.com/data/QdG47OkI/versions/7ainrOrH/modelfix-1.8-fabric%20%281%29.jar"
      ],
      "fileSize": 26708
    },
    {
      "path": "mods\\moreculling-1.18.2-0.1.2.jar",
      "hashes": {
        "sha1": "ed531453999b78922a306c8ea9c6632f268bd8ff",
        "sha512": "3af89650d52fa9110288b2fc0088a87f39d7dd00fdf663ef8c2e0db103a0f9b2882cf5fabf99d2106b33ca5b1ad0d7e61e977c8d9d1b47b9184e54a112bec583"
      },
      "env": {
        "client": "required",
        "server": "unsupported"
      },
      "downloads": [
        "https://cdn.modrinth.com/data/51shyZVL/versions/v0.1.2/moreculling-1.18.2-0.1.2.jar"
      ],
      "fileSize": 44182
    },
    {
      "path": "mods\\lazydfu-0.1.2.jar",
      "hashes": {
        "sha1": "2efec5781f1271bdcdae462eee402ccb97bff6fe",
        "sha512": "20b1cd3e62051c7d7498ecdc49912acb918fc4748d469c67c078cc97197289760e64b9339a4d4a03d175f648c8be8601d131776a9a6bdb8832cecdda6fc46498"
      },
      "env": {
        "server": "optional",
        "client": "optional"
      },
      "downloads": [
        "https://cdn.modrinth.com/data/hvFnDODi/versions/0.1.2/lazydfu-0.1.2.jar"
      ],
      "fileSize": 15517
    },
    {
      "path": "mods\\dynamic-fps-2.1.0.jar",
      "hashes": {
        "sha512": "3e22e5b613abfb17fa83f74348a3c2cf8fb7bdb2a6a6a8d5b561044b37e54d0a0114df1128c7e34df063776975041c5595feb2f94cbb2bfe0f1bc59193cce9e3",
        "sha1": "d4ffc71b2f0ea01b9a6242c23faace5cdc72d947"
      },
      "env": {
        "server": "unsupported",
        "client": "required"
      },
      "downloads": [
        "https://cdn.modrinth.com/data/LQ3K71Q1/versions/v2.1.0/dynamic-fps-2.1.0.jar"
      ],
      "fileSize": 88824
    },
    {
      "path": "mods\\reeses_sodium_options-1.4.9+mc1.18.2-build.66.jar",
      "hashes": {
        "sha512": "065ddeb036b9bc6f2134602e295914adf9f2aee315e2431b4ad2ddd1819a76c82f23507a81bd6b8c736cdd8d521b9844e0b1c7bd506a46938bfe5464338b9abb",
        "sha1": "c896ca9fe8bee67085d2700f003dc0739f453af9"
      },
      "env": {
        "client": "optional",
        "server": "unsupported"
      },
      "downloads": [
        "https://cdn.modrinth.com/data/Bh37bMuy/versions/hl16W0ql/reeses_sodium_options-1.4.9%2Bmc1.18.2-build.66.jar"
      ],
      "fileSize": 49905
    },
    {
      "path": "mods\\sodium-fabric-mc1.18.1-0.4.0-alpha6+build.14.jar",
      "hashes": {
        "sha1": "795d4c12bffdb1b21eed5ff87c07ce5ca3c0dcbf",
        "sha512": "8a63bfb819930c5cb470664cc6a266e9478fc1219e34307058e3111ef9e400ccf14adbe31ed705f70d682199640540d7e896965b6fe5e69bce543e475ccc7fbf"
      },
      "env": {
        "server": "unsupported",
        "client": "required"
      },
      "downloads": [
        "https://cdn.modrinth.com/data/AANobbMI/versions/mc1.18.1-0.4.0-alpha6/sodium-fabric-mc1.18.1-0.4.0-alpha6%2Bbuild.14.jar"
      ],
      "fileSize": 1315447
    },
    {
      "path": "mods\\krypton-0.1.9.jar",
      "hashes": {
        "sha512": "32ab71412b8ca0c43f90d654fbe8e037997e69a1b056883fd5640e465320a4d077120d0c546a67ec9e90834bf2b3b3d0ddb35dc3d17822d93e1cb927a18db56a",
        "sha1": "466a8a26949497a3b11886a788e6e156a8b03d24"
      },
      "env": {
        "client": "optional",
        "server": "optional"
      },
      "downloads": [
        "https://cdn.modrinth.com/data/fQEb0iXm/versions/0.1.9/krypton-0.1.9.jar"
      ],
      "fileSize": 132286
    },
    {
      "path": "mods\\skiptransitions-1.3.2+1.18.x.jar",
      "hashes": {
        "sha1": "ba6c0af7fc1d9a93152c4a173d35e196de2480e8",
        "sha512": "42de478ff9aa7a97172466aceb29bc8cfcf05bd6075827c640489b58320cca2667c7d548f28ce92bbd601e84958f2fd1b81772adc4084ae50d3c82178a4feed3"
      },
      "env": {
        "client": "required",
        "server": "unsupported"
      },
      "downloads": [
        "https://cdn.modrinth.com/data/Zoz5HQjH/versions/v1.3.2%2Bmc1.18.x/skiptransitions-1.3.2%2B1.18.x.jar"
      ],
      "fileSize": 16829
    },
    {
      "path": "mods\\midnightlib-0.4.4.jar",
      "hashes": {
        "sha1": "5dd23557e5417f4174f0750e73e2b6fc9c3c53e6",
        "sha512": "b576d378f0827103c7c6c49c65d5ac3e60ad0afa7341cd78b3553699f5908879553119d861205a2df31384154fcfbd2235fd00837f24774ba08478edfabe3e5e"
      },
      "env": {
        "client": "optional",
        "server": "optional"
      },
      "downloads": [
        "https://cdn.modrinth.com/data/codAaoxh/versions/0.4.4/midnightlib-0.4.4.jar"
      ],
      "fileSize": 60086
    },
    {
      "path": "mods\\CleanF3-0.3.0.jar",
      "hashes": {
        "sha512": "c3f5027d9bcef0df04b589d6a15ccc06b7eea7bf802cc3b2218e7d891ab68778790585d72214907937b067a09d2550a721b19a48b6af834f149621a234a8e27f",
        "sha1": "afc916bab50c457029d62d9ef59c58dbf174186b"
      },
      "env": {
        "client": "required",
        "server": "unsupported"
      },
      "downloads": [
        "https://cdn.modrinth.com/data/5lvjfaRs/versions/JPJYi3WW/CleanF3-0.3.0.jar"
      ],
      "fileSize": 14124
    },
    {
      "path": "mods\\no-telemetry-1.7.0.jar",
      "hashes": {
        "sha512": "b670d6175495166a6a6a04dc33f040035067fec78682148796e7f0223c071ea23d7ba14637105765773c6b1af3d2f13a993925b2d3b6464eb9c70f5f6f5a2a28",
        "sha1": "6caa14083d087d0fc0b6af47d0e5d27196816150"
      },
      "env": {
        "client": "required",
        "server": "unsupported"
      },
      "downloads": [
        "https://cdn.modrinth.com/data/hg77g4Pw/versions/l9SfLZDA/no-telemetry-1.7.0.jar"
      ],
      "fileSize": 88426
    },
    {
      "path": "mods\\NoFog-1.3.4+1.16.5-1.20.1.jar",
      "hashes": {
        "sha1": "bcc5baaf4369e066d33bc1a2599b7ac16f08da69",
        "sha512": "5398e60f8836eaaba5595609d5860cd5f4b65536587384f9b8a780ad63438b5b75b91949349c9a6313c78c4a0e5732bef322a1149130d4a738cf59889dcc1039"
      },
      "env": {
        "client": "required",
        "server": "unsupported"
      },
      "downloads": [
        "https://cdn.modrinth.com/data/QSzy55SB/versions/xdoG8nXs/NoFog-1.3.4%2B1.16.5-1.20.1.jar"
      ],
      "fileSize": 64657
    },
    {
      "path": "mods\\fabric-api-0.46.6+1.18.jar",
      "hashes": {
        "sha512": "3124e71b7791e69bb17a8c1c09b6838c28398fe082b074717b333e783daa49795fc8a8afea8e1758c2749a1e27f01975c4000ebf29dbdd3cfcf64817f12256e2",
        "sha1": "c73a64983ee850cda3b98e6bff9831fa6e9260b6"
      },
      "env": {
        "client": "optional",
        "server": "optional"
      },
      "downloads": [
        "https://cdn.modrinth.com/data/P7dR8mSH/versions/0.46.6%2B1.18/fabric-api-0.46.6%2B1.18.jar"
      ],
      "fileSize": 1178637
    },
    {
      "path": "mods\\starlight-1.0.0+fabric.d0a3220.jar",
      "hashes": {
        "sha1": "743b14918588186cae2117d1a9684b400939e6f8",
        "sha512": "020a2b1f7912fdcba7877f3ba09dcff6c5a37c0782ca9baa27afc26f864cdb782fcfb582b6fdf83dfe8ea3d52293e17c8d34f39dc4a71ba467b287bdaad531db"
      },
      "env": {
        "server": "optional",
        "client": "optional"
      },
      "downloads": [
        "https://cdn.modrinth.com/data/H8CaAYZC/versions/Starlight%201.0.0%201.18.x/starlight-1.0.0%2Bfabric.d0a3220.jar"
      ],
      "fileSize": 127235
    }
  ],
  "dependencies": {
    "minecraft": "1.18.1",
    "fabric-loader": "0.14.22"
  }
}